Character,Start,1.1,1.2,1.6,2.2,2.3,2.4,2.5,2.6,2.7,Total
ALL HITBIKERS,,,2,,,,,,,,2
ALT,,,1,,,,,,,,1
CLYNT,,,,,,,,,,1,1
EXTRA SPECIAL CONSTABLE,,,,,,,,,7,,7
FARTMULA NATURAL GAS,,,,,,,,,,3,3
FIRST YEAR 1,,3,3,,,,,,,,6
FIRST YEAR 2,,3,2,,,,,,,,5
FIRST YEAR 3,,2,1,,,,,,,,3
FIRST YEAR 4,,2,,,,,,,,,2
FIRST YEAR 5,,3,,,,,,,,,3
FIRST YEAR 6,,2,,,,,,,,,2
FORMULA COAL LEADER,,1,,,,,,,,,1
FORMULA NATURAL GAS LEADER,,10,,,,,,,,,10
FORMULA NUCLEAR LEADER,,1,,,,,,,,,1
G-BOGG MEMBER 1,,1,,,,,,,,,1
GATBSY,,,,,,1,,,,,1
GATSBY,,,,19,,13,16,,20,7,75
GOSSIP 1,,1,,,,,,,,,1
GOSSIP 2,,1,,,,,,,,,1
GOSSIP 3,,1,,,,,,,,,1
GOSSIP 4,,1,,,,,,,,,1
HITBIKER 1,,,,,,,,,,1,1
HITBIKER 3,,,1,,,,,,,,1
HITBIKER MEMBER 1,,,1,,,,,,,,1
HITBIKER MEMBER 3,,,,,,,,2,,,2
HITBIKER MEMBER 4,,,1,,,,,6,,,7
HITBIKERS,29,,,,1,,,,,,30
HITBIKERS MEMBER 1,,,1,,3,,,2,,,6
HITBIKERS MEMBER 2,,,1,,2,,,5,,,8
HITBIKERS MEMBER 3,,,1,,1,,,1,,,3
HITBIKERS MEMBER 4,,,1,,1,,,,,,2
HITBIKERS MEMBER 5,,,,,,,,1,,,1
HS PARENT 0,,,,,,,,,,1,1
HS PARENT 1,,,,,,,,,,1,1
HS STUDENT 1,,,,,,,,,,2,2
HS STUDENT 2,,,,,,,,,,1,1
HS STUDENT 3,,,,,,,,,,2,2
JAYDEN,,,2,10,3,1,,11,,3,30
MES MEMBER 1,,2,,,,,,,,,2
MILES,,,,,,,,,,4,4
MUSICAL BOOTH PERSON,,2,,,,,,,,,2
NATE,,21,,5,,1,8,,4,13,52
OLIVE,,,,,,,,,,2,2
RICH,,,2,,14,,12,,,,28
ROSIE,,7,5,25,13,10,,16,10,4,90
S.T.D LEADER,,1,,,,,,,,,1
S.T.D. LEADER,,1,,,,,,,,,1
SIRI,,,,,,,1,,,,1
SPACE CANOE 2,,,,1,,,,,,,1
SPACE CANOE 3,,,,1,,,,,,,1
SPACE CANOER 1,,,,2,,2,5,,7,,16
SPACE CANOER 2,,,,1,,2,4,,4,,11
SPACE CANOER 3,,,,1,,1,4,,,,6
SPACE CANOER 4,,,,1,,1,3,,,,5
SPACE CANOER 5,,,,,,1,,,,,1
SPACE CANOER AARON,,,,,,1,,,,,1
SPACE CANOER ERIN,,,,,,1,,,,,1
SPECIAL CONSTABLE,,,,,,,,,6,,6
