Character,Song 2,Song 3,Song 4,Song 5,Song 7,Song 12,Song 14,Total
- HELLOOOOOOO,,,,,,,3,3
-J,,,,,,,44,44
ALL HITBIKERS,1,,,,,,,1
ALT,,1,,,,,,1
CLYNT,,,5,4,,,,9
GATSBY,,,9,30,5,,,44
GENERAL STUDENT 1,,,,2,,,,2
GENERAL STUDENT 2,,,,1,,,,1
GENERAL STUDENT 3,,,,2,,,,2
HITBIKER 1,,1,,,,,,1
HITBIKER 2,,1,,,,,,1
HITBIKER 3,,1,,,,,,1
HITBIKER MEMBER 3,,,,,,1,,1
HITBIKERS,,2,,,,,,2
HITBIKERS MEMBER 1,2,4,,,,,,6
HITBIKERS MEMBER 2,2,6,,,,2,,10
HITBIKERS MEMBER 3,2,4,,,,1,,7
HITBIKERS MEMBER 4,,,,,,1,,1
JAYDEN,6,9,11,,8,1,,35
MILES,,,4,3,,,,7
NATE,9,,31,20,9,,,69
OLIVE,,,6,2,,,,8
RICH,9,19,,,,,,28
ROSIE,8,,,,9,5,,22
SPACE CANOER 1,,,2,,4,,,6
SPACE CANOER 2,,,2,,5,,,7
SPACE CANOER 3,,,2,,3,,,5
